{
  "generated_at": "2025-11-10T13:13:47.933662Z",
  "k": 10,
  "rmse": 0.5527231481425326,
  "precision_at_k": 0.03265983112183354,
  "recall_at_k": 0.00785004112436567,
  "ndcg_at_k": 0.03936245406715041,
  "evaluated_users": 3316,
  "persona": {
    "user": "ASymon13",
    "recommendations": [
      "nelson",
      "mo betta bretta",
      "anti hero",
      "sierra nevada pale ale",
      "kryptonite"
    ]
  }
}